{
  "dataset": "antique/test",
  "method": "embedding",
  "evaluation_date": "2025-07-13T01:18:12.365447",
  "total_queries": 200,
  "queries_with_metrics": 200,
  "average_metrics": {
    "avg_precision_at_10": 0.4155,
    "avg_recall_at_10": 0.1364088820725934,
    "avg_mrr": 0.7756785714285716,
    "avg_map": 0.10828686761814664
  },
  "detailed_metrics": {
    "precision_at_10": [
      0.7,
      0.3,
      0.3,
      0.5,
      0.6,
      0.5,
      0.3,
      0.3,
      0.1,
      0.3,
      0.2,
      0.5,
      0.4,
      0.3,
      0.2,
      0.4,
      0.4,
      0.3,
      0.2,
      0.5,
      0.0,
      0.4,
      0.3,
      0.5,
      0.7,
      0.7,
      0.2,
      0.8,
      0.2,
      0.2,
      0.5,
      1.0,
      0.4,
      0.0,
      0.7,
      0.3,
      0.7,
      0.7,
      0.2,
      0.5,
      0.5,
      0.5,
      0.8,
      0.5,
      0.9,
      0.4,
      0.3,
      0.5,
      0.4,
      0.5,
      0.2,
      0.6,
      0.0,
      0.4,
      0.0,
      0.0,
      0.3,
      0.4,
      0.2,
      0.4,
      0.5,
      0.7,
      0.5,
      0.4,
      0.6,
      0.7,
      0.5,
      0.6,
      0.1,
      0.1,
      0.2,
      0.4,
      0.5,
      0.4,
      0.5,
      0.2,
      0.2,
      0.5,
      0.6,
      0.7,
      0.5,
      0.0,
      0.2,
      0.5,
      0.0,
      0.9,
      0.6,
      0.2,
      0.2,
      0.5,
      0.6,
      0.5,
      0.5,
      0.7,
      0.2,
      0.4,
      0.0,
      0.9,
      0.6,
      0.5,
      0.3,
      0.8,
      0.4,
      0.7,
      0.6,
      0.3,
      0.0,
      0.0,
      0.2,
      0.6,
      0.5,
      0.5,
      0.6,
      0.4,
      0.3,
      0.2,
      0.3,
      0.3,
      0.6,
      0.6,
      0.2,
      0.5,
      0.6,
      0.5,
      0.2,
      0.3,
      0.7,
      0.4,
      0.4,
      0.9,
      0.0,
      0.4,
      0.3,
      0.8,
      0.2,
      0.4,
      0.0,
      0.4,
      0.5,
      0.0,
      0.6,
      0.6,
      0.5,
      0.2,
      0.3,
      0.3,
      0.2,
      0.6,
      0.5,
      0.2,
      0.2,
      0.2,
      0.3,
      0.1,
      0.4,
      0.7,
      0.9,
      0.0,
      0.1,
      0.6,
      0.6,
      0.9,
      0.2,
      0.4,
      0.2,
      0.8,
      0.6,
      0.5,
      0.6,
      0.4,
      0.4,
      0.3,
      0.4,
      0.6,
      0.6,
      0.1,
      0.4,
      0.9,
      0.4,
      0.4,
      0.7,
      0.3,
      0.4,
      0.6,
      0.8,
      0.3,
      0.0,
      0.0,
      0.0,
      0.1,
      0.9,
      0.7,
      0.2,
      0.7,
      0.5,
      0.4,
      0.9,
      0.2,
      0.7,
      0.1
    ],
    "recall_at_10": [
      0.19444444444444445,
      0.1,
      0.13043478260869565,
      0.12195121951219512,
      0.1935483870967742,
      0.1388888888888889,
      0.09090909090909091,
      0.10344827586206896,
      0.03225806451612903,
      0.16666666666666666,
      0.05405405405405406,
      0.21739130434782608,
      0.16,
      0.0967741935483871,
      0.05555555555555555,
      0.12903225806451613,
      0.17391304347826086,
      0.06818181818181818,
      0.058823529411764705,
      0.16666666666666666,
      0.0,
      0.13333333333333333,
      0.08108108108108109,
      0.19230769230769232,
      0.175,
      0.20588235294117646,
      0.058823529411764705,
      0.27586206896551724,
      0.058823529411764705,
      0.05,
      0.11363636363636363,
      0.37037037037037035,
      0.16,
      0.0,
      0.2413793103448276,
      0.10714285714285714,
      0.14285714285714285,
      0.15555555555555556,
      0.05714285714285714,
      0.1724137931034483,
      0.11904761904761904,
      0.16666666666666666,
      0.34782608695652173,
      0.18518518518518517,
      0.375,
      0.11764705882352941,
      0.1,
      0.14285714285714285,
      0.15384615384615385,
      0.16666666666666666,
      0.06666666666666667,
      0.1935483870967742,
      0.0,
      0.0975609756097561,
      0.0,
      0.0,
      0.125,
      0.14285714285714285,
      0.07692307692307693,
      0.15384615384615385,
      0.5555555555555556,
      0.14,
      0.20833333333333334,
      0.13793103448275862,
      0.1875,
      0.2692307692307692,
      0.16129032258064516,
      0.21428571428571427,
      0.03333333333333333,
      0.030303030303030304,
      0.0625,
      0.12121212121212122,
      0.14285714285714285,
      0.125,
      0.17857142857142858,
      0.07407407407407407,
      0.05,
      0.1282051282051282,
      0.1875,
      0.21875,
      0.14285714285714285,
      0.0,
      0.047619047619047616,
      0.23809523809523808,
      0.0,
      0.4090909090909091,
      0.3157894736842105,
      0.05555555555555555,
      0.05714285714285714,
      0.16666666666666666,
      0.07142857142857142,
      0.15151515151515152,
      0.15625,
      0.23333333333333334,
      0.03125,
      0.13793103448275862,
      0.0,
      0.28125,
      0.16666666666666666,
      0.14705882352941177,
      0.10344827586206896,
      0.2962962962962963,
      0.16,
      0.30434782608695654,
      0.1,
      0.12,
      0.0,
      0.0,
      0.046511627906976744,
      0.2608695652173913,
      0.16129032258064516,
      0.1111111111111111,
      0.16216216216216217,
      0.08888888888888889,
      0.1,
      0.06451612903225806,
      0.08333333333333333,
      0.08823529411764706,
      0.24,
      0.14634146341463414,
      0.06451612903225806,
      0.18518518518518517,
      0.24,
      0.08771929824561403,
      0.045454545454545456,
      0.05454545454545454,
      0.16279069767441862,
      0.11764705882352941,
      0.11428571428571428,
      0.3,
      0.0,
      0.11764705882352941,
      0.09375,
      0.24242424242424243,
      0.06451612903225806,
      0.12121212121212122,
      0.0,
      0.09302325581395349,
      0.1388888888888889,
      0.0,
      0.17647058823529413,
      0.15789473684210525,
      0.1282051282051282,
      0.07407407407407407,
      0.08823529411764706,
      0.06818181818181818,
      0.06060606060606061,
      0.3,
      0.10416666666666667,
      0.05263157894736842,
      0.06666666666666667,
      0.05405405405405406,
      0.0625,
      0.03125,
      0.12903225806451613,
      0.2916666666666667,
      0.36,
      0.0,
      0.02702702702702703,
      0.17142857142857143,
      0.14285714285714285,
      0.23684210526315788,
      0.06896551724137931,
      0.19047619047619047,
      0.06060606060606061,
      0.2857142857142857,
      0.2608695652173913,
      0.13157894736842105,
      0.23076923076923078,
      0.125,
      0.08888888888888889,
      0.07692307692307693,
      0.10256410256410256,
      0.20689655172413793,
      0.15384615384615385,
      0.02564102564102564,
      0.12121212121212122,
      0.2647058823529412,
      0.12903225806451613,
      0.4444444444444444,
      0.25,
      0.08571428571428572,
      0.10526315789473684,
      0.16666666666666666,
      0.2962962962962963,
      0.09090909090909091,
      0.0,
      0.0,
      0.0,
      0.043478260869565216,
      0.2647058823529412,
      0.35,
      0.06060606060606061,
      0.2916666666666667,
      0.12195121951219512,
      0.10526315789473684,
      0.1323529411764706,
      0.05405405405405406,
      0.175,
      0.08333333333333333
    ],