{
  "dataset": "antique/test",
  "method": "hybrid",
  "evaluation_date": "2025-07-14T02:38:16.257916",
  "total_queries": 200,
  "queries_with_metrics": 200,
  "average_metrics": {
    "avg_precision_at_10": 0.452,
    "avg_recall_at_10": 0.14915649263810032,
    "avg_mrr": 0.7783928571428571,
    "avg_map": 0.12174714566754685
  },
  "detailed_metrics": {
    "precision_at_10": [
      0.7,
      0.4,
      0.3,
      0.2,
      0.7,
      0.6,
      0.5,
      0.6,
      0.2,
      0.3,
      0.3,
      0.8,
      0.7,
      0.6,
      0.3,
      0.4,
      0.5,
      0.5,
      0.2,
      0.5,
      0.1,
      0.3,
      0.1,
      0.7,
      0.8,
      0.7,
      0.4,
      0.8,
      0.3,
      0.1,
      0.3,
      1.0,
      0.5,
      0.0,
      0.7,
      0.3,
      0.4,
      0.3,
      0.4,
      0.6,
      0.7,
      0.7,
      0.8,
      0.4,
      0.9,
      0.4,
      0.7,
      0.1,
      0.1,
      0.1,
      0.1,
      0.7,
      0.0,
      0.6,
      0.2,
      0.5,
      0.5,
      0.7,
      0.5,
      0.2,
      0.6,
      0.7,
      0.6,
      0.3,
      0.5,
      0.6,
      0.4,
      0.7,
      0.2,
      0.4,
      0.7,
      0.2,
      0.4,
      0.6,
      0.6,
      0.3,
      0.3,
      0.4,
      0.8,
      0.4,
      0.6,
      0.0,
      0.6,
      0.2,
      0.5,
      0.9,
      0.5,
      0.2,
      0.5,
      0.2,
      0.7,
      0.7,
      0.7,
      0.9,
      0.1,
      0.1,
      0.1,
      0.8,
      0.7,
      0.4,
      0.2,
      0.7,
      0.4,
      0.6,
      0.8,
      0.5,
      0.0,
      0.0,
      0.3,
      0.5,
      0.4,
      0.6,
      0.3,
      0.4,
      0.2,
      0.4,
      0.5,
      0.2,
      0.7,
      0.5,
      0.0,
      0.7,
      0.5,
      0.7,
      0.2,
      0.4,
      0.7,
      0.0,
      0.3,
      0.8,
      0.0,
      0.7,
      0.5,
      0.7,
      0.2,
      0.3,
      0.0,
      0.3,
      0.4,
      0.0,
      0.6,
      0.8,
      0.6,
      0.3,
      0.2,
      0.6,
      0.1,
      0.2,
      0.7,
      0.3,
      0.3,
      0.3,
      0.8,
      0.3,
      0.7,
      0.6,
      0.6,
      0.4,
      0.1,
      0.9,
      0.5,
      0.9,
      0.4,
      0.8,
      0.2,
      0.7,
      0.4,
      0.5,
      0.6,
      0.3,
      0.4,
      0.5,
      0.6,
      0.7,
      0.5,
      0.1,
      0.7,
      0.7,
      0.9,
      0.6,
      0.7,
      0.7,
      0.2,
      0.6,
      0.5,
      0.1,
      0.0,
      0.0,
      0.1,
      0.1,
      0.6,
      0.9,
      0.5,
      0.8,
      0.3,
      0.4,
      0.8,
      0.1,
      0.8,
      0.1
    ],
    "recall_at_10": [
      0.19444444444444445,
      0.13333333333333333,
      0.13043478260869565,
      0.04878048780487805,
      0.22580645161290322,
      0.16666666666666666,
      0.15151515151515152,
      0.20689655172413793,
      0.06451612903225806,
      0.16666666666666666,
      0.08108108108108109,
      0.34782608695652173,
      0.28,
      0.1935483870967742,
      0.08333333333333333,
      0.12903225806451613,
      0.21739130434782608,
      0.11363636363636363,
      0.058823529411764705,
      0.16666666666666666,
      0.025,
      0.1,
      0.02702702702702703,
      0.2692307692307692,
      0.2,
      0.20588235294117646,
      0.11764705882352941,
      0.27586206896551724,
      0.08823529411764706,
      0.025,
      0.06818181818181818,
      0.37037037037037035,
      0.2,
      0.0,
      0.2413793103448276,
      0.10714285714285714,
      0.08163265306122448,
      0.06666666666666667,
      0.11428571428571428,
      0.20689655172413793,
      0.16666666666666666,
      0.23333333333333334,
      0.34782608695652173,
      0.14814814814814814,
      0.375,
      0.11764705882352941,
      0.23333333333333334,
      0.02857142857142857,
      0.038461538461538464,
      0.03333333333333333,
      0.03333333333333333,
      0.22580645161290322,
      0.0,
      0.14634146341463414,
      0.05714285714285714,
      0.15625,
      0.20833333333333334,
      0.25,
      0.19230769230769232,
      0.07692307692307693,
      0.6666666666666666,
      0.14,
      0.25,
      0.10344827586206896,
      0.15625,
      0.23076923076923078,
      0.12903225806451613,
      0.25,
      0.06666666666666667,
      0.12121212121212122,
      0.21875,
      0.06060606060606061,
      0.11428571428571428,
      0.1875,
      0.21428571428571427,
      0.1111111111111111,
      0.075,
      0.10256410256410256,
      0.25,
      0.125,
      0.17142857142857143,
      0.0,
      0.14285714285714285,
      0.09523809523809523,
      0.12195121951219512,
      0.4090909090909091,
      0.2631578947368421,
      0.05555555555555555,
      0.14285714285714285,
      0.06666666666666667,
      0.08333333333333333,
      0.21212121212121213,
      0.21875,
      0.3,
      0.015625,
      0.034482758620689655,
      0.07142857142857142,
      0.25,
      0.19444444444444445,
      0.11764705882352941,
      0.06896551724137931,
      0.25925925925925924,
      0.16,
      0.2608695652173913,
      0.13333333333333333,
      0.2,
      0.0,
      0.0,
      0.06976744186046512,
      0.21739130434782608,
      0.12903225806451613,
      0.13333333333333333,
      0.08108108108108109,
      0.08888888888888889,
      0.06666666666666667,
      0.12903225806451613,
      0.1388888888888889,
      0.058823529411764705,
      0.28,
      0.12195121951219512,
      0.0,
      0.25925925925925924,
      0.2,
      0.12280701754385964,
      0.045454545454545456,
      0.07272727272727272,
      0.16279069767441862,
      0.0,
      0.08571428571428572,
      0.26666666666666666,
      0.0,
      0.20588235294117646,
      0.15625,
      0.21212121212121213,
      0.06451612903225806,
      0.09090909090909091,
      0.0,
      0.06976744186046512,
      0.1111111111111111,
      0.0,
      0.17647058823529413,
      0.21052631578947367,
      0.15384615384615385,
      0.1111111111111111,
      0.058823529411764705,
      0.13636363636363635,
      0.030303030303030304,
      0.1,
      0.14583333333333334,
      0.07894736842105263,
      0.1,
      0.08108108108108109,
      0.16666666666666666,
      0.09375,
      0.22580645161290322,
      0.25,
      0.24,
      0.26666666666666666,
      0.02702702702702703,
      0.2571428571428571,
      0.11904761904761904,
      0.23684210526315788,
      0.13793103448275862,
      0.38095238095238093,
      0.06060606060606061,
      0.25,
      0.17391304347826086,
      0.13157894736842105,
      0.23076923076923078,
      0.09375,
      0.08888888888888889,
      0.1282051282051282,
      0.15384615384615385,
      0.2413793103448276,
      0.1282051282051282,
      0.02564102564102564,
      0.21212121212121213,
      0.20588235294117646,
      0.2903225806451613,
      0.6666666666666666,
      0.25,
      0.2,
      0.05263157894736842,
      0.16666666666666666,
      0.18518518518518517,
      0.030303030303030304,
      0.0,
      0.0,
      0.03571428571428571,
      0.043478260869565216,
      0.17647058823529413,
      0.45,
      0.15151515151515152,
      0.3333333333333333,
      0.07317073170731707,
      0.10526315789473684,
      0.11764705882352941,
      0.02702702702702703,
      0.2,
      0.08333333333333333
    ],