{
  "dataset": "antique/test",
  "method": "hybrid-sequential",
  "evaluation_date": "2025-07-14T03:02:07.521078",
  "total_queries": 200,
  "queries_with_metrics": 200,
  "average_metrics": {
    "avg_precision_at_10": 0.45400000000000007,
    "avg_recall_at_10": 0.14939263370214392,
    "avg_mrr": 0.8081150793650793,
    "avg_map": 0.12215000731508634
  },
  "detailed_metrics": {
    "precision_at_10": [
      0.7,
      0.4,
      0.4,
      0.1,
      0.6,
      0.5,
      0.5,
      0.5,
      0.3,
      0.1,
      0.2,
      0.8,
      0.5,
      0.8,
      0.4,
      0.4,
      0.4,
      0.7,
      0.3,
      0.4,
      0.0,
      0.5,
      0.3,
      0.7,
      0.7,
      0.7,
      0.3,
      0.9,
      0.3,
      0.3,
      0.2,
      1.0,
      0.5,
      0.0,
      0.7,
      0.3,
      0.4,
      0.5,
      0.3,
      0.6,
      0.7,
      0.6,
      0.9,
      0.4,
      0.9,
      0.4,
      0.4,
      0.1,
      0.2,
      0.6,
      0.2,
      0.6,
      0.0,
      0.5,
      0.0,
      0.1,
      0.3,
      0.4,
      0.3,
      0.3,
      0.6,
      0.6,
      0.6,
      0.3,
      0.6,
      0.5,
      0.5,
      0.5,
      0.1,
      0.1,
      0.2,
      0.2,
      0.5,
      0.4,
      0.6,
      0.5,
      0.6,
      0.4,
      0.6,
      0.7,
      0.6,
      0.0,
      0.7,
      0.5,
      0.5,
      0.9,
      0.5,
      0.2,
      0.4,
      0.3,
      0.6,
      0.4,
      0.5,
      0.9,
      0.2,
      0.0,
      0.1,
      0.9,
      0.8,
      0.4,
      0.2,
      0.8,
      0.4,
      0.8,
      0.7,
      0.7,
      0.0,
      0.0,
      0.5,
      0.6,
      0.3,
      0.6,
      0.5,
      0.4,
      0.3,
      0.4,
      0.6,
      0.3,
      0.7,
      0.8,
      0.1,
      0.4,
      0.5,
      0.7,
      0.3,
      0.4,
      0.7,
      0.0,
      0.5,
      0.9,
      0.0,
      0.7,
      0.3,
      0.8,
      0.1,
      0.5,
      0.0,
      0.3,
      0.5,
      0.0,
      0.7,
      0.8,
      0.6,
      0.4,
      0.4,
      0.7,
      0.2,
      0.7,
      0.5,
      0.2,
      0.2,
      0.2,
      0.7,
      0.2,
      0.4,
      0.7,
      0.9,
      0.2,
      0.0,
      0.9,
      0.6,
      0.8,
      0.6,
      0.6,
      0.3,
      0.7,
      0.5,
      0.4,
      0.5,
      0.4,
      0.4,
      0.5,
      0.7,
      0.6,
      0.7,
      0.1,
      0.5,
      0.9,
      0.4,
      0.6,
      0.6,
      0.6,
      0.2,
      0.6,
      0.6,
      0.2,
      0.0,
      0.0,
      0.2,
      0.2,
      0.7,
      0.8,
      0.3,
      0.6,
      0.5,
      0.4,
      0.9,
      0.2,
      0.8,
      0.1
    ],
    "recall_at_10": [
      0.19444444444444445,
      0.13333333333333333,
      0.17391304347826086,
      0.024390243902439025,
      0.1935483870967742,
      0.1388888888888889,
      0.15151515151515152,
      0.1724137931034483,
      0.0967741935483871,
      0.05555555555555555,
      0.05405405405405406,
      0.34782608695652173,
      0.2,
      0.25806451612903225,
      0.1111111111111111,
      0.12903225806451613,
      0.17391304347826086,
      0.1590909090909091,
      0.08823529411764706,
      0.13333333333333333,
      0.0,
      0.16666666666666666,
      0.08108108108108109,
      0.2692307692307692,
      0.175,
      0.20588235294117646,
      0.08823529411764706,
      0.3103448275862069,
      0.08823529411764706,
      0.075,
      0.045454545454545456,
      0.37037037037037035,
      0.2,
      0.0,
      0.2413793103448276,
      0.10714285714285714,
      0.08163265306122448,
      0.1111111111111111,
      0.08571428571428572,
      0.20689655172413793,
      0.16666666666666666,
      0.2,
      0.391304347826087,
      0.14814814814814814,
      0.375,
      0.11764705882352941,
      0.13333333333333333,
      0.02857142857142857,
      0.07692307692307693,
      0.2,
      0.06666666666666667,
      0.1935483870967742,
      0.0,
      0.12195121951219512,
      0.0,
      0.03125,
      0.125,
      0.14285714285714285,
      0.11538461538461539,
      0.11538461538461539,
      0.6666666666666666,
      0.12,
      0.25,
      0.10344827586206896,
      0.1875,
      0.19230769230769232,
      0.16129032258064516,
      0.17857142857142858,
      0.03333333333333333,
      0.030303030303030304,
      0.0625,
      0.06060606060606061,
      0.14285714285714285,
      0.125,
      0.21428571428571427,
      0.18518518518518517,
      0.15,
      0.10256410256410256,
      0.1875,
      0.21875,
      0.17142857142857143,
      0.0,
      0.16666666666666666,
      0.23809523809523808,
      0.12195121951219512,
      0.4090909090909091,
      0.2631578947368421,
      0.05555555555555555,
      0.11428571428571428,
      0.1,
      0.07142857142857142,
      0.12121212121212122,
      0.15625,
      0.3,
      0.03125,
      0.0,
      0.07142857142857142,
      0.28125,
      0.2222222222222222,
      0.11764705882352941,
      0.06896551724137931,
      0.2962962962962963,
      0.16,
      0.34782608695652173,
      0.11666666666666667,
      0.28,
      0.0,
      0.0,
      0.11627906976744186,
      0.2608695652173913,
      0.0967741935483871,
      0.13333333333333333,
      0.13513513513513514,
      0.08888888888888889,
      0.1,
      0.12903225806451613,
      0.16666666666666666,
      0.08823529411764706,
      0.28,
      0.1951219512195122,
      0.03225806451612903,
      0.14814814814814814,
      0.2,
      0.12280701754385964,
      0.06818181818181818,
      0.07272727272727272,
      0.16279069767441862,
      0.0,
      0.14285714285714285,
      0.3,
      0.0,
      0.20588235294117646,
      0.09375,
      0.24242424242424243,
      0.03225806451612903,
      0.15151515151515152,
      0.0,
      0.06976744186046512,
      0.1388888888888889,
      0.0,
      0.20588235294117646,
      0.21052631578947367,
      0.15384615384615385,
      0.14814814814814814,
      0.11764705882352941,
      0.1590909090909091,
      0.06060606060606061,
      0.35,
      0.10416666666666667,
      0.05263157894736842,
      0.06666666666666667,
      0.05405405405405406,
      0.14583333333333334,
      0.0625,
      0.12903225806451613,
      0.2916666666666667,
      0.36,
      0.13333333333333333,
      0.0,
      0.2571428571428571,
      0.14285714285714285,
      0.21052631578947367,
      0.20689655172413793,
      0.2857142857142857,
      0.09090909090909091,
      0.25,
      0.21739130434782608,
      0.10526315789473684,
      0.19230769230769232,
      0.125,
      0.08888888888888889,
      0.1282051282051282,
      0.1794871794871795,
      0.20689655172413793,
      0.1794871794871795,
      0.02564102564102564,
      0.15151515151515152,
      0.2647058823529412,
      0.12903225806451613,
      0.6666666666666666,
      0.21428571428571427,
      0.17142857142857143,
      0.05263157894736842,
      0.16666666666666666,
      0.2222222222222222,
      0.06060606060606061,
      0.0,
      0.0,
      0.07142857142857142,
      0.08695652173913043,
      0.20588235294117646,
      0.4,
      0.09090909090909091,
      0.25,
      0.12195121951219512,
      0.10526315789473684,
      0.1323529411764706,
      0.05405405405405406,
      0.2,
      0.08333333333333333
    ],