{
  "dataset": "antique/test",
  "method": "tfidf",
  "evaluation_date": "2025-07-13T00:05:27.503934",
  "total_queries": 200,
  "queries_with_metrics": 200,
  "average_metrics": {
    "avg_precision_at_10": 0.36199999999999993,
    "avg_recall_at_10": 0.12145497600774637,
    "avg_mrr": 0.7400199372970132,
    "avg_map": 0.18791153398648727
  },
  "detailed_metrics": {
    "precision_at_10": [
      0.7,
      0.4,
      0.5,
      0.2,
      0.8,
      0.7,
      0.3,
      0.7,
      0.2,
      0.1,
      0.2,
      0.9,
      0.4,
      0.4,
      0.3,
      0.2,
      0.6,
      0.3,
      0.2,
      0.2,
      0.1,
      0.4,
      0.0,
      0.6,
      0.8,
      0.5,
      0.4,
      0.4,
      0.1,
      0.0,
      0.3,
      0.5,
      0.1,
      0.2,
      0.6,
      0.2,
      0.3,
      0.1,
      0.3,
      0.6,
      0.4,
      0.7,
      0.6,
      0.3,
      0.8,
      0.4,
      0.5,
      0.2,
      0.2,
      0.0,
      0.1,
      0.4,
      0.0,
      0.3,
      0.4,
      0.7,
      0.2,
      0.4,
      0.4,
      0.2,
      0.7,
      0.3,
      0.4,
      0.4,
      0.4,
      0.5,
      0.1,
      0.5,
      0.2,
      0.4,
      0.9,
      0.0,
      0.1,
      0.8,
      0.6,
      0.0,
      0.0,
      0.4,
      0.3,
      0.4,
      0.7,
      0.0,
      0.2,
      0.0,
      0.5,
      0.7,
      0.3,
      0.1,
      0.5,
      0.4,
      0.5,
      0.1,
      0.5,
      0.8,
      0.0,
      0.1,
      0.1,
      0.6,
      0.4,
      0.4,
      0.3,
      0.5,
      0.2,
      0.3,
      0.8,
      0.4,
      0.0,
      0.0,
      0.3,
      0.5,
      0.4,
      0.4,
      0.2,
      0.3,
      0.2,
      0.4,
      0.2,
      0.2,
      0.4,
      0.3,
      0.0,
      0.7,
      0.1,
      0.7,
      0.3,
      0.2,
      0.5,
      0.1,
      0.4,
      0.5,
      0.0,
      0.5,
      0.6,
      0.7,
      0.2,
      0.1,
      0.0,
      0.2,
      0.3,
      0.0,
      0.3,
      0.8,
      0.4,
      0.2,
      0.1,
      0.5,
      0.1,
      0.2,
      0.7,
      0.4,
      0.4,
      0.1,
      0.6,
      0.4,
      0.6,
      0.6,
      0.4,
      0.7,
      0.1,
      0.7,
      0.3,
      0.7,
      0.2,
      0.6,
      0.0,
      0.6,
      0.4,
      0.3,
      0.4,
      0.1,
      0.6,
      0.3,
      0.3,
      0.5,
      0.0,
      0.1,
      0.7,
      0.6,
      0.7,
      0.6,
      0.4,
      0.7,
      0.1,
      0.5,
      0.4,
      0.3,
      0.5,
      0.0,
      0.2,
      0.0,
      0.4,
      0.8,
      0.5,
      0.8,
      0.0,
      0.2,
      0.8,
      0.0,
      0.7,
      0.1
    ],
    "recall_at_10": [
      0.19444444444444445,
      0.13333333333333333,
      0.21739130434782608,
      0.04878048780487805,
      0.25806451612903225,
      0.19444444444444445,
      0.09090909090909091,
      0.2413793103448276,
      0.06451612903225806,
      0.05555555555555555,
      0.05405405405405406,
      0.391304347826087,
      0.16,
      0.12903225806451613,
      0.08333333333333333,
      0.06451612903225806,
      0.2608695652173913,
      0.06818181818181818,
      0.058823529411764705,
      0.06666666666666667,
      0.025,
      0.13333333333333333,
      0.0,
      0.23076923076923078,
      0.2,
      0.14705882352941177,
      0.11764705882352941,
      0.13793103448275862,
      0.029411764705882353,
      0.0,
      0.06818181818181818,
      0.18518518518518517,
      0.04,
      0.05128205128205128,
      0.20689655172413793,
      0.07142857142857142,
      0.061224489795918366,
      0.022222222222222223,
      0.08571428571428572,
      0.20689655172413793,
      0.09523809523809523,
      0.23333333333333334,
      0.2608695652173913,
      0.1111111111111111,
      0.3333333333333333,
      0.11764705882352941,
      0.16666666666666666,
      0.05714285714285714,
      0.07692307692307693,
      0.0,
      0.03333333333333333,
      0.12903225806451613,
      0.0,
      0.07317073170731707,
      0.11428571428571428,
      0.21875,
      0.08333333333333333,
      0.14285714285714285,
      0.15384615384615385,
      0.07692307692307693,
      0.7777777777777778,
      0.06,
      0.16666666666666666,
      0.13793103448275862,
      0.125,
      0.19230769230769232,
      0.03225806451612903,
      0.17857142857142858,
      0.06666666666666667,
      0.12121212121212122,
      0.28125,
      0.0,
      0.02857142857142857,
      0.25,
      0.21428571428571427,
      0.0,
      0.0,
      0.10256410256410256,
      0.09375,
      0.125,
      0.2,
      0.0,
      0.047619047619047616,
      0.0,
      0.12195121951219512,
      0.3181818181818182,
      0.15789473684210525,
      0.027777777777777776,
      0.14285714285714285,
      0.13333333333333333,
      0.05952380952380952,
      0.030303030303030304,
      0.15625,
      0.26666666666666666,
      0.0,
      0.034482758620689655,
      0.07142857142857142,
      0.1875,
      0.1111111111111111,
      0.11764705882352941,
      0.10344827586206896,
      0.18518518518518517,
      0.08,
      0.13043478260869565,
      0.13333333333333333,
      0.16,
      0.0,
      0.0,
      0.06976744186046512,
      0.21739130434782608,
      0.12903225806451613,
      0.08888888888888889,
      0.05405405405405406,
      0.06666666666666667,
      0.06666666666666667,
      0.12903225806451613,
      0.05555555555555555,
      0.058823529411764705,
      0.16,
      0.07317073170731707,
      0.0,
      0.25925925925925924,
      0.04,
      0.12280701754385964,
      0.06818181818181818,
      0.03636363636363636,
      0.11627906976744186,
      0.029411764705882353,
      0.11428571428571428,
      0.16666666666666666,
      0.0,
      0.14705882352941177,
      0.1875,
      0.21212121212121213,
      0.06451612903225806,
      0.030303030303030304,
      0.0,
      0.046511627906976744,
      0.08333333333333333,
      0.0,
      0.08823529411764706,
      0.21052631578947367,
      0.10256410256410256,
      0.07407407407407407,
      0.029411764705882353,
      0.11363636363636363,
      0.030303030303030304,
      0.1,
      0.14583333333333334,
      0.10526315789473684,
      0.13333333333333333,
      0.02702702702702703,
      0.125,
      0.125,
      0.1935483870967742,
      0.25,
      0.16,
      0.4666666666666667,
      0.02702702702702703,
      0.2,
      0.07142857142857142,
      0.18421052631578946,
      0.06896551724137931,
      0.2857142857142857,
      0.0,
      0.21428571428571427,
      0.17391304347826086,
      0.07894736842105263,
      0.15384615384615385,
      0.03125,
      0.13333333333333333,
      0.07692307692307693,
      0.07692307692307693,
      0.1724137931034483,
      0.0,
      0.02564102564102564,
      0.21212121212121213,
      0.17647058823529413,
      0.22580645161290322,
      0.6666666666666666,
      0.14285714285714285,
      0.2,
      0.02631578947368421,
      0.1388888888888889,
      0.14814814814814814,
      0.09090909090909091,
      0.14705882352941177,
      0.0,
      0.07142857142857142,
      0.0,
      0.11764705882352941,
      0.4,
      0.15151515151515152,
      0.3333333333333333,
      0.0,
      0.05263157894736842,
      0.11764705882352941,
      0.0,
      0.175,
      0.08333333333333333
    ],